,Charge/Discharge [mAh],OCV [V]   ,OCV Predicted [V],Bestfit Entropy [J mol-1 K-1],Bestfit Entropy_Upper [J mol-1 K-1],Bestfit Entropy_Lower [J mol-1 K-1],Bestfit Method,Bestfit Enthalpy [J mol-1],Raw Entropy [J mol-1 K-1],Raw Entropy Error [J mol-1 K-1],M1 Entropy [J mol-1 K-1],M1 Entropy_Upper [J mol-1 K-1],M1 Entropy_Lower [J mol-1 K-1],M2 Entropy [J mol-1 K-1],M2 Entropy_Upper [J mol-1 K-1],M2 Entropy_Lower [J mol-1 K-1],M3 Entropy [J mol-1 K-1],M3 Entropy_Upper [J mol-1 K-1],M3 Entropy_Lower [J mol-1 K-1],M4 Entropy [J mol-1 K-1],M4 Entropy_Upper [J mol-1 K-1],M4 Entropy_Lower [J mol-1 K-1],SOC,M1 Enthalpy [J mol-1],M2 Enthalpy [J mol-1],M3 Enthalpy [J mol-1],M4 Enthalpy [J mol-1],M3 Enthalpy_Lower,M3 Enthalpy_Upper,G
0,-0.0,1.8944e-05,31112000.0,-3.7128e-05,0.00016746,0.00016746,3,-1.8398,-0.019703000000000002,0.084847,-0.015957,0.008235899999999999,0.008235899999999999,0.0018218,0.0012651,0.0012651,-3.7128e-05,0.00016746,0.00016746,0.0018189,0.0011474,0.0011474,0.0,-6.9340581464576,-1.2448421464576,-1.8396991064576,-1.2457701464576,0.04990308,0.04990308,0.0
1,-0.14182,6.165100000000001e-05,0.00010317,-0.015463,0.01094,0.01094,2,-10.898,-0.015285,0.0096869,-0.01647,0.0026613,0.0026613,-0.015463,0.01094,0.01094,-0.015471,0.0015302999999999998,0.0015302999999999998,-0.015461,0.0015425,0.0015425,0.015151547526201644,-11.2188172586179,-10.8965772586179,-10.899137258617902,-10.8959372586179,0.4560294,0.4560294,0.005714991450000001
2,-0.28364,7.8684e-05,6.6769e-05,-0.010981999999999999,0.00072417,0.00072417,3,-11.11,-0.010111,0.0022529,-0.012359,0.00034026,0.00034026,-0.011065,0.00024956,0.00024956,-0.010981999999999999,0.00072417,0.00072417,-0.010892,0.00021285,0.00021285,0.03030309505240329,-11.5467319339036,-11.132651933903599,-11.106091933903599,-11.077291933903599,0.21580266,0.21580266,0.0156661463
3,-0.42546000000000006,8.4924e-05,7.045100000000001e-05,-0.006818300000000001,0.00077498,0.00077498,3,-10.378,-0.0054604,0.0029643,-0.0084041,0.00047415,0.00047415,-0.0071569,0.00037555,0.00037555,-0.006818300000000001,0.00077498,0.00077498,-0.0064207,0.00033451,0.00033451,0.04545464257860494,-10.883232411199598,-10.484128411199599,-10.375776411199599,-10.2485444111996,0.23094404,0.23094404,0.02726758958
4,-0.56728,8.720700000000001e-05,6.9668e-05,-0.004398,0.00099286,0.00099286,3,-9.8228,-0.0028141,0.0037469,-0.005841600000000001,0.0007009,0.0007009,-0.0049742,0.00030734,0.00030734,-0.004398,0.00099286,0.00099286,-0.0035318000000000003,0.00054558,0.00054558,0.06060619010480658,-10.2835084262103,-10.0059404262103,-9.8215564262103,-9.5443724262103,0.29587228,0.29587228,0.039473398789999996
5,-0.7091,8.8295e-05,6.9211e-05,-0.0039024999999999997,0.00084388,0.00084388,3,-9.769,-0.0020584,0.0039483,-0.0052417,0.00051628,0.00051628,-0.0045708,0.00052247,0.00052247,-0.0039024999999999997,0.00084388,0.00084388,-0.0028035,0.0003815,0.0003815,0.07575773763100822,-10.196516468405498,-9.9818284684055,-9.767972468405498,-9.416292468405498,0.25147624,0.25147624,0.05191824560999999
6,-0.85091,8.891799999999999e-05,6.9093e-05,-0.0034645,0.0010960000000000002,0.0010960000000000002,3,-9.6889,-0.0016179000000000002,0.004229999999999999,-0.0047761,0.00079624,0.00079624,-0.0042099,0.00028123,0.00028123,-0.0034645,0.0010960000000000002,0.0010960000000000002,-0.0022316,0.00062926,0.00062926,0.09090821679255565,-10.107634830802198,-9.926450830802198,-9.687922830802197,-9.293394830802198,0.32660800000000006,0.32660800000000006,0.064483533375
7,-0.9927299999999999,8.935e-05,6.887399999999999e-05,-0.0030905999999999998,0.001053,0.001053,3,-9.6107,-0.0012442,0.004455399999999999,-0.0043965,0.00074126,0.00074126,-0.0038652,0.00035350000000000003,0.00035350000000000003,-0.0030905999999999998,0.001053,0.001053,-0.0017929999999999999,0.00057289,0.00057289,0.10605976431875727,-10.027844494615,-9.857828494615001,-9.609956494615,-9.194724494615,0.31379399999999996,0.31379399999999996,0.07712451725499998
8,-1.1346,8.9702e-05,6.8494e-05,-0.0028573,0.0010027999999999999,0.0010027999999999999,3,-9.5699,-0.00080526,0.0044086,-0.0041689,0.00065793,0.00065793,-0.0036610999999999996,0.00045848,0.00045848,-0.0028573,0.0010027999999999999,0.0010027999999999999,-0.0014892999999999998,0.00049989,0.00049989,0.12121665366823006,-9.9889753317958,-9.8264793317958,-9.569263331795801,-9.1315033317958,0.29883439999999994,0.29883439999999994,0.089825570875
9,-1.2764,8.992700000000001e-05,6.684699999999999e-05,-0.0026571,0.00087334,0.00087334,3,-9.5276,-0.00069158,0.0048497,-0.0039835,0.00046798,0.00046798,-0.0035626,0.00071666,0.00071666,-0.0026571,0.00087334,0.00087334,-0.0010804999999999999,0.00030463,0.00030463,0.13636606446512325,-9.9513565316983,-9.8166685316983,-9.5269085316983,-9.0223965316983,0.26025532,0.26025532,0.102561266975
10,-1.4182,9.013200000000001e-05,6.7358e-05,-0.0027639,0.00098255,0.00098255,3,-9.582,-0.00074537,0.0048373,-0.0041193,0.00059301,0.00059301,-0.0036439999999999997,0.00059194,0.00059194,-0.0027639,0.00098255,0.00098255,-0.0012416999999999999,0.00043148,0.00043148,0.15151547526201645,-10.0145920249428,-9.8624960249428,-9.580864024942802,-9.093760024942801,0.2927999,0.2927999,0.11532745007499999
11,-1.56,9.0318e-05,6.6961e-05,-0.0023836,0.00091525,0.00091525,3,-9.4784,-0.00039696,0.0049532,-0.0037868000000000003,0.00051687,0.00051687,-0.0033131999999999997,0.00071487,0.00071487,-0.0023836,0.00091525,0.00091525,-0.00080126,0.00032643,0.00032643,0.16666488605890964,-9.9261382968622,-9.7745862968622,-9.4771142968622,-8.9707654968622,0.2727445,0.2727445,0.128121355075
12,-1.7018,9.049200000000001e-05,6.7273e-05,-0.0022236,0.0011467,0.0011467,3,-9.4441,-0.00010384,0.0049678000000000005,-0.0036682999999999998,0.00073908,0.00073908,-0.0031041,0.00048954,0.00048954,-0.0022236,0.0011467,0.0011467,-0.00070904,0.00058181,0.00058181,0.18181429685580283,-9.905006744786801,-9.7244627447868,-9.4427027447868,-8.9580435447868,0.34171660000000004,0.34171660000000004,0.140940784075
13,-1.8436,9.0665e-05,6.6549e-05,-0.0020416,0.0011384000000000001,0.0011384000000000001,3,-9.4024,0.00015461,0.0050143,-0.0035581,0.00068852,0.00068852,-0.0029525,0.00058038,0.00058038,-0.0020416,0.0011384000000000001,0.0011384000000000001,-0.00053659,0.00049259,0.00049259,0.19696370765269602,-9.886434707378498,-9.6926427073785,-9.401154707378499,-8.919551507378499,0.3392432,0.3392432,0.153784815375
14,-1.9855,9.083e-05,6.6465e-05,-0.001791,0.0010857999999999998,0.0010857999999999998,3,-9.338,0.00050544,0.005121100000000001,-0.0034082,0.00063764,0.00063764,-0.0026951,0.0006721,0.0006721,-0.001791,0.0010857999999999998,0.0010857999999999998,-0.00032584,0.00043187,0.00043187,0.21212380209613146,-9.854386787307,-9.626194787307,-9.336882787307,-8.868031587307,0.3235683999999999,0.3235683999999999,0.166661885625
15,-2.1273,9.1004e-05,6.6158e-05,-0.0015895999999999998,0.001279,0.001279,3,-9.2901,0.00078932,0.0052036999999999995,-0.0033412,0.00078212,0.00078212,-0.0024522,0.00056333,0.00056333,-0.0015895999999999998,0.001279,0.001279,-0.00019386,0.00060035,0.00060035,0.22727321289302466,-9.849735235231599,-9.565255235231598,-9.2892232352316,-8.842586435231599,0.381142,0.381142,0.179553916225
16,-2.2691,9.1161e-05,6.500600000000001e-05,-0.0013764,0.0012933,0.0012933,3,-9.2368,0.0010670999999999999,0.005543899999999999,-0.0033755000000000005,0.00073951,0.00073951,-0.0022646000000000003,0.00072561,0.00072561,-0.0013764,0.0012933,0.0012933,1.4184000000000002e-05,0.00052975,0.00052975,0.24242262368991785,-9.875859432496899,-9.5203714324969,-9.2361474324969,-8.7911605524969,0.3854034,0.3854034,0.19246941472499998
17,-2.4109,9.1324e-05,6.3218e-05,-0.0010131,0.0015002000000000001,0.0015002000000000001,3,-9.136000000000001,0.0015885,0.0059377,-0.0034106,0.00083689,0.00083689,-0.0019087,0.00079582,0.00079582,-0.0010131,0.0015002000000000001,0.0015002000000000001,0.00032353,0.00058458,0.00058458,0.25757203448681104,-9.9028185417596,-9.4222105417596,-9.1356185417596,-8.7078969417596,0.44705960000000006,0.44705960000000006,0.20540760122499999
18,-2.5527,9.148799999999999e-05,6.0898e-05,-0.00046591,0.0016797000000000001,0.0016797000000000001,3,-8.9765,0.0024357,0.006645300000000001,-0.0035421,0.00090436,0.00090436,-0.0013422,0.00096866,0.00096866,-0.00046591,0.0016797000000000001,0.0016797000000000001,0.00075432,0.007114799999999999,0.007114799999999999,0.2727214452837043,-9.960722136355198,-9.256754136355198,-8.9763413363552,-8.585867736355198,0.5005506000000001,0.5005506000000001,0.21836897202500002
19,-2.6946,9.168e-05,5.6622e-05,-1.4467e-05,0.002045,0.002045,3,-8.8504,0.003815,0.007968600000000001,-0.004441,0.00117,0.00117,-0.00092943,0.0011805,0.0011805,-1.4467e-05,0.002045,0.002045,0.0010164,0.0069279,0.0069279,0.2878815397271397,-10.266895320271999,-9.143192920271998,-8.850404760272,-8.520527320271999,0.60941,0.60941,0.231364741625
20,-2.8364,9.204700000000001e-05,4.4837e-05,0.0015071,0.0028291,0.0028291,3,-8.3985,0.008189,0.013336,-0.0058617,0.0020399000000000003,0.0020399000000000003,-0.00013312,0.001936,0.001936,0.0015071,0.0028291,0.0028291,0.0033323999999999997,0.0028036,0.0028036,0.3030309505240329,-10.7569294374463,-8.9237838374463,-8.3989134374463,-7.8148174374463,0.8430718,0.8430718,0.244390985925
21,-2.9782,9.4831e-05,1.6827e-05,0.0024895,0.0030146,0.0030146,3,-8.3525,0.021507,0.03828,-0.0062162,0.0037503,0.0037503,-0.0036744,0.0054799,0.0054799,0.0024895,0.0030146,0.0030146,0.016818,0.087212,0.087212,0.3181803613209261,-11.1389846042399,-10.3256086042399,-8.3531606042399,-3.7680406042399,0.8983508,0.8983508,0.25764063612500004
22,-3.12,0.00011072,7.4411e-06,-0.010698000000000001,0.0014023,0.0014023,3,-14.107999999999999,0.0059739,0.053603,-0.007239100000000001,0.0040255,0.0040255,-0.016352000000000002,0.0021326,0.0021326,-0.010698000000000001,0.0014023,0.0014023,0.017049,0.0047453999999999994,0.0047453999999999994,0.3333297721178193,-12.999368058687999,-15.915496058688,-14.106216058688,-5.2271760586879985,0.4178854,0.4178854,0.272214202025
23,-3.2618,0.00011869,2.6022e-05,-0.015125,0.004414899999999999,0.0018265999999999998,3,-16.294,-0.0081297,0.029375,-0.013831,0.0031208000000000004,0.0031208000000000004,-0.018744999999999998,0.0019961,0.0019961,-0.015125,0.0012092000000000001,0.0012092000000000001,-0.00070898,0.0035146,0.0035146,0.34847918291471247,-15.877764161901,-17.450244161901,-16.291844161901,-11.678717761901,0.36034160000000004,0.36034160000000004,0.288479371025
24,-3.4037,0.00012188,5.108e-05,-0.016826,0.001384,0.0014921,3,-17.149,-0.012773999999999999,0.017419999999999998,-0.016880000000000003,0.0014380999999999999,0.0014380999999999999,-0.019727,0.0020204,0.0020204,-0.016826,0.0011535,0.0011535,-0.0087944,0.0017102,0.0017102,0.36363927735814794,-17.161232373852002,-18.072272373852,-17.143952373852002,-14.573840373852,0.343743,0.343743,0.305547812525
25,-3.5455,0.00012368,7.6274e-05,-0.017424000000000002,0.00095212,0.0013356,3,-17.516,-0.014511000000000001,0.010020000000000001,-0.018351,0.00040810000000000005,0.00040810000000000005,-0.019375999999999997,0.0017327999999999998,0.0017327999999999998,-0.017424000000000002,0.00095212,0.00095212,-0.013297999999999999,0.00060287,0.00060287,0.37878868815504113,-17.805625973072,-18.133625973072,-17.508985973072,-16.188665973072,0.28373176,0.28373176,0.322958016525
26,-3.6873,0.00012486,9.8127e-05,-0.017579,0.00182,0.0017933,3,-17.683,-0.015722,0.0053233,-0.018933000000000002,0.00034814,0.00034814,-0.018508,0.00086436,0.00086436,-0.017579,0.00096478,0.00096478,-0.01595,0.00019074,0.00019074,0.3939380989519343,-18.105718665894,-17.969718665894,-17.672438665894,-17.151158665894,0.28750444,0.28750444,0.340579502525
27,-3.8291,0.00012551,0.00010597,-0.017588999999999997,0.0012716,0.0019914,3,-17.75,-0.016149,0.0040543,-0.019034,0.00054595,0.00054595,-0.018152,0.00046524,0.00046524,-0.017588999999999997,0.00096493,0.00096493,-0.016712,0.00039496,0.00039496,0.4090875097488275,-18.200754132279,-17.918514132279,-17.738354132279,-17.457714132279,0.28754914,0.28754914,0.358330735525
28,-3.9709,0.00012594,0.0001097,-0.017544,0.00093276,0.0020614,3,-17.776,-0.01623,0.0033022,-0.019066999999999997,0.00053839,0.00053839,-0.017948,0.00036549,0.00036549,-0.017544,0.00086427,0.00086427,-0.016998,0.00038678,0.00038678,0.4242369205457207,-18.252802825426,-17.894722825426,-17.765442825426,-17.590722825426,0.25755246,0.25755246,0.376158540525
29,-4.1128,0.00012629999999999998,0.00012631,-0.01721,0.0011275,0.0020356,2,-17.703,-0.015847999999999998,0.0029585,-0.018635,0.00061039,0.00061039,-0.01721,0.00016527,0.00016527,-0.016972,0.00088954,0.00088954,-0.016775,0.00046164,0.00046164,0.4393970149891561,-18.149297545269995,-17.693297545269996,-17.617137545269998,-17.554097545269997,0.26508292,0.26508292,0.394054968525
30,-4.2546,0.00012655,0.00012656,-0.016706,0.0014386,0.0024771999999999997,2,-17.565,-0.015130000000000001,0.0030574,-0.018321,0.0008624,0.0008624,-0.016706,2.6407e-05,2.6407e-05,-0.016469,0.0012017999999999998,0.0012017999999999998,-0.016283000000000002,0.00070478,0.00070478,0.4545464257860493,-18.072938878495002,-17.556138878495,-17.480298878495,-17.420778878495,0.35813639999999997,0.35813639999999997,0.41198203352499996
31,-4.3964,0.0001268,0.00012682,-0.015731000000000002,0.0014279000000000002,0.0010899,2,-17.277,-0.014072,0.0030291,-0.017766,0.00090973,0.00090973,-0.015731000000000002,5.4219e-05,5.4219e-05,-0.015562000000000001,0.0012589,0.0012589,-0.015596,0.00071209,0.00071209,0.4696958365829425,-17.91946021172,-17.268260211719998,-17.21418021172,-17.22506021172,0.37515220000000005,0.37515220000000005,0.42994454852499997
32,-4.5382,0.00012708,0.00012709,-0.014118,0.0015485,0.0012292,2,-16.785,-0.012187,0.00367,-0.016805,0.00095291,0.00095291,-0.014118,6.0982e-05,6.0982e-05,-0.013958000000000002,0.0013888,0.0013888,-0.014122999999999998,,,0.4848452473798357,-17.638956104932,-16.779116104932,-16.727916104932,-16.780716104932,0.41386239999999996,0.41386239999999996,0.44794464052499994
33,-4.68,0.00012747,0.00010198,-0.011719,0.0022332,0.0022332,3,-16.054000000000002,-0.008794100000000001,0.0056688,-0.015806,0.0017357,0.0017357,-0.012154,6.1274e-05,6.1274e-05,-0.011719,0.0022332,0.0022332,-0.011637,0.0015142999999999999,0.0015142999999999999,0.4999946581767289,-17.356905384763,-16.188265384763,-16.049065384762997,-16.022825384763,0.6654935999999999,0.6654935999999999,0.4659922355249999
34,-4.8218,0.00012928,7.1486e-05,-0.005761,0.0027994,0.0027994,3,-14.319,0.00098457,0.014622,-0.0097801,0.0019547,0.0019547,-0.0083786,0.0016365,0.0016365,-0.005761,0.0027994,0.0027994,-0.0010344000000000002,0.0014709000000000002,0.0014709000000000002,0.5151440689736221,-15.603255837312002,-15.154775837312002,-14.317143837312,-12.804631837312002,0.8342212,0.8342212,0.4841958105249999
35,-4.9637,0.00014047,5.1186999999999996e-05,-0.0017961,0.0017375,0.0017375,3,-14.128,0.004451300000000001,0.023005,-0.00086238,0.0014335,0.0014335,-0.0048048000000000006,0.0007440000000000001,0.0007440000000000001,-0.0017961,0.0017375,0.0017375,0.009628399999999999,0.0017081,0.0017081,0.5303041634170576,-13.829256312462999,-15.090830712463,-14.128046712462998,-10.472206712462999,0.517775,0.517775,0.503334573025
36,-5.1055,0.00014763,4.7428999999999996e-05,7.516100000000001e-05,0.0019387,0.0019387,3,-14.22,0.0071518,0.026892000000000003,0.0013064,0.002002,0.002002,-0.0032025999999999995,0.00088439,0.00088439,7.516100000000001e-05,0.0019387,0.0019387,0.013365,0.0023344999999999998,0.0023344999999999998,0.5454535742139508,-13.826081696026998,-15.268961696026999,-14.220078176026998,-9.967329696026999,0.5777326,0.5777326,0.5237608630249999
37,-5.2473,0.00015352,4.5724e-05,0.00054528,0.0017714000000000002,0.0017714000000000002,3,-14.638,0.0082931,0.02992,0.0021920000000000004,0.0026232,0.0026232,-0.0027335000000000003,0.00093593,0.00093593,0.00054528,0.0017714000000000002,0.0017714000000000002,0.015537,0.0029436999999999996,0.0029436999999999996,0.5606029850108439,-14.110988306808,-15.687148306808,-14.637938706808,-9.840588306808,0.5278772,0.5278772,0.5451123980249999
38,-5.3891,0.00015997,4.579600000000001e-05,0.0023555,0.0018097,0.0018097,3,-14.68,0.010478,0.032367,0.0042127,0.0028811,0.0028811,-0.001057,0.00083462,0.00083462,0.0023555,0.0018097,0.0018097,0.018633,0.0033383,0.0033383,0.5757523958077372,-14.086694704012999,-15.772998704013,-14.680998704013,-9.472198704013,0.5392906,0.5392906,0.5673388390249999
39,-5.5309,0.00016522,4.6537e-05,0.0038538000000000005,0.0019105999999999997,0.0019105999999999997,3,-14.707,0.012665000000000001,0.033995,0.0058575,0.0029921,0.0029921,0.00035431,0.00078794,0.00078794,0.0038538000000000005,0.0019105999999999997,0.0019105999999999997,0.020953,0.0034354999999999998,0.0034354999999999998,0.5909018066046303,-14.066906701737999,-15.827927501737998,-14.708090701737998,-9.236346701737999,0.5693587999999999,0.5693587999999999,0.5903948100249999
40,-5.6728,0.00017022,4.3743000000000005e-05,0.0044976999999999994,0.0018076000000000001,0.0018076000000000001,3,-14.982000000000001,0.014355000000000001,0.038100999999999996,0.006950700000000001,0.003396,0.003396,0.00085512,0.00069542,0.00069542,0.0044976999999999994,0.0018076000000000001,0.0018076000000000001,0.023844,0.0039244,0.0039244,0.6060619010480658,-14.199509366238,-16.150094966238,-14.984469366238,-8.793653366238,0.5386648,0.5386648,0.6141942780249999
41,-5.8146,0.00017741,3.6378e-05,0.0049239,0.0019456,0.0019456,3,-15.54,0.017293,0.047529,0.0083726,0.0041008,0.0041008,0.00074812,0.00060451,0.00060451,0.0049239,0.0019456,0.0019456,0.029580000000000002,0.0046989,0.0046989,0.621211311844959,-14.438230909788999,-16.878064509789,-15.541814909788997,-7.651862909788997,0.5797888,0.5797888,0.6388412450250001
42,-5.9564,0.00018707,3.7307e-05,0.0068815,0.0016305999999999998,0.0016305999999999998,3,-15.844000000000001,0.021847,0.053570000000000007,0.011206,0.0042868,0.0042868,0.0024239,0.00081797,0.00081797,0.0068815,0.0016305999999999998,0.0016305999999999998,0.035245,0.0048396,0.0048396,0.6363607226418522,-14.463591225602999,-17.273863225602998,-15.847431225602998,-6.771111225602999,0.48591879999999993,0.48591879999999993,0.6646828770250001
43,-6.0982,0.00019605,3.4287e-05,0.0075601,0.0019338,0.0019338,3,-16.492,0.027787,0.061332000000000005,0.012859,0.004529200000000001,0.004529200000000001,0.0028643,0.00047106,0.00047106,0.0075601,0.0019338,0.0019338,0.04029,0.005232,0.005232,0.6515101334387454,-14.801069515045,-17.999373515045,-16.496717515045,-6.0231495150450005,0.5762724,0.5762724,0.691846085025
44,-6.24,0.00020829,3.6636e-05,0.0077745,0.0021111999999999997,0.0021111999999999997,3,-17.605999999999998,0.025738,0.061609000000000004,0.012443000000000001,0.0053227,0.0053227,0.0024984,0.0010195,0.0010195,0.0077745,0.0021111999999999997,0.0021111999999999997,0.039898,0.005894399999999999,0.005894399999999999,0.6666595442356386,-16.115169989741,-19.297441989741,-17.609089989741,-7.329569989741,0.6291376,0.6291376,0.720513791025
45,-6.3819,0.00021361,7.290600000000001e-05,0.0075101,0.0019733,0.0019733,3,-18.204,0.021213,0.041562,0.010792,0.0020883000000000004,0.0020883000000000004,0.0037192,0.000102,0.000102,0.0075101,0.0019733,0.0019733,0.029772000000000003,0.0026149999999999997,0.0026149999999999997,0.681819638679074,-17.156791960769,-19.420087960769,-18.206999960769,-11.083191960768998,0.5880434,0.5880434,0.750447596025
46,-6.5237,0.00021548,7.2357e-05,0.0088242,0.0021458000000000002,0.0021458000000000002,3,-17.964000000000002,0.022861000000000003,0.043144999999999996,0.012522,0.00206,0.00206,0.005263,0.00030303,0.00030303,0.0088242,0.0021458000000000002,0.0021458000000000002,0.032126,0.0025694000000000003,0.0025694000000000003,0.6969690494759672,-16.783619533291997,-19.106499533292,-17.966915533291996,-10.510339533291997,0.6394484,0.6394484,0.780870077025
47,-6.6655,0.00021746,5.5406000000000005e-05,0.013522999999999999,0.0026414999999999998,0.0026414999999999998,3,-16.65,0.031439999999999996,0.054946,0.018497,0.0027589000000000003,0.0027589000000000003,0.0093156,0.00057058,0.00057058,0.013522999999999999,0.0026414999999999998,0.0026414999999999998,0.043472000000000004,0.0034748000000000005,0.0034748000000000005,0.7121184602728604,-15.062660492433999,-18.000708492433997,-16.654340492434,-7.070660492433996,0.787167,0.787167,0.811565523025
48,-6.8073,0.00022369,2.2616999999999997e-05,0.025771,0.0032580999999999995,0.0032580999999999995,3,-13.327,0.059493,0.099087,0.033472,0.004735100000000001,0.004735100000000001,0.016155000000000003,0.002203,0.002203,0.025771,0.0032580999999999995,0.0032580999999999995,0.079528,0.0060694,0.0060694,0.7272678710697535,-10.871764116400996,-16.413204116400998,-13.336084116400997,3.866155883599003,0.9709137999999998,0.9709137999999998,0.8428430580249999
49,-6.9491,0.00024768,4.3282e-06,0.037075,0.0048460000000000005,0.0048460000000000005,3,-12.022,0.11377000000000001,0.20886,0.046853,0.005918,0.005918,0.011203,0.013349000000000001,0.013349000000000001,0.037075,0.0048460000000000005,0.0048460000000000005,0.14812999999999998,0.008840899999999999,0.008840899999999999,0.7424172818666468,-8.904527252672,-20.312527252672,-12.033487252672002,23.504112747327994,1.4441080000000002,1.4441080000000002,0.8762631910249999
50,-7.091,0.00027519,1.9057e-06,0.041138,0.006254699999999999,0.006254699999999999,3,-13.376,0.14069,0.27678,0.055259,0.011048,0.011048,0.007515600000000001,0.017276,0.017276,0.041138,0.006254699999999999,0.006254699999999999,0.18744,0.014400999999999999,0.014400999999999999,0.7575773763100823,-8.868918760751,-24.146806760751,-13.387638760751,33.429001239249004,1.8639005999999998,1.8639005999999998,0.9133608175250001
51,-7.2328,0.00030227,1.3557e-06,0.04448,0.0083979,0.0083979,3,-14.918,0.15275,0.31529,0.05825399999999999,0.015064,0.015064,0.0038316,0.020845,0.020845,0.04448,0.0083979,0.0083979,0.20809,0.020125999999999998,0.020125999999999998,0.7727267871069754,-10.523341575682998,-27.938509575682996,-14.931021575682998,37.42417842431699,2.5025741999999997,2.5025741999999997,0.9543027315250001
52,-7.3746,0.00032069,1.8148e-06,0.046002,0.0097868,0.0097868,3,-16.206,0.14065,0.30923,0.057841,0.016994,0.016994,0.0041987,0.021002,0.021002,0.046002,0.0097868,0.0097868,0.20449,0.022831999999999998,0.022831999999999998,0.7878761979038686,-12.432761407700998,-29.598297407700997,-16.221241407700997,34.49491859229901,2.9164664,2.9164664,0.9984705955250001
53,-7.5164,0.00033488,2.685e-06,0.046242,0.010494,0.010494,3,-17.493,0.13927,0.29841,0.055474,0.016899,0.016899,0.0041322,0.022435,0.022435,0.046242,0.010494,0.010494,0.19689,0.021605000000000003,0.021605000000000003,0.8030256087007618,-14.559328281551998,-30.988704281552,-17.513568281551997,30.693791718448004,3.127212,3.127212,1.044950508525
54,-7.6582,0.00034644,4.0106999999999996e-06,0.045721,0.011208,0.011208,3,-18.773,0.13237000000000002,0.27856,0.05173200000000001,0.015235,0.015235,0.0044241,0.023332,0.023332,0.045721,0.011208,0.011208,0.18439,0.01871,0.01871,0.818175019497655,-16.872138729875996,-32.010666729876,-18.795658729876,25.578421270124004,3.339984,3.339984,1.093256096525
55,-7.8,0.00035474,6.1103e-06,0.045486,0.016773,0.011488,3,-19.646,0.12623,0.25916999999999996,0.048128,0.014130000000000002,0.014130000000000002,0.004813899999999999,0.024135,0.024135,0.045486,0.011206,0.011206,0.17229,0.018241999999999998,0.018241999999999998,0.8333244302945482,-18.826246992945997,-32.686758992946,-19.671686992945993,20.90559300705401,3.339388,3.339388,1.142969758525
56,-7.9419,0.00036146,8.6348e-06,0.044847000000000005,0.013441999999999999,0.011762,3,-20.498,0.12072999999999999,0.24118,0.045687,0.012602,0.012602,0.0059216,0.023582,0.023582,0.044847000000000005,0.011408,0.011408,0.1617,0.016286000000000002,0.016286000000000002,0.8484845247379836,-20.255748430034,-32.980676430034,-20.524548430034,16.868411569966,3.399584,3.399584,1.1937841485250003
57,-8.0837,0.00037015,1.0654000000000002e-05,0.044976,0.012454,0.011404000000000001,3,-21.294,0.1229,0.2347,0.045501,0.011929,0.011929,0.007076899999999999,0.023093000000000002,0.023093000000000002,0.044976,0.010962000000000001,0.010962000000000001,0.15827,0.015483000000000002,0.015483000000000002,0.8636339355348769,-21.153725972934996,-33.449437972934994,-21.321725972934995,14.932354027065003,3.2666760000000004,3.2666760000000004,1.2456552975250001
58,-8.2255,0.00038629,1.0239e-05,0.046451,0.012819999999999998,0.010733,3,-22.383000000000003,0.13777999999999999,0.25643,0.048068,0.011202,0.011202,0.0061373999999999995,0.023959,0.023959,0.046451,0.010733,0.010733,0.17185,0.015231999999999999,0.015231999999999999,0.87878334633177,-21.889559245941,-35.307351245941,-22.406999245941,17.720680754059003,3.1984339999999998,3.1984339999999998,1.2992868935250002
59,-8.3673,0.00041031,7.7652e-06,0.050217000000000005,0.012383,0.012383,3,-23.500999999999998,0.16365,0.30996999999999997,0.051033999999999996,0.0090905,0.0090905,0.0016829,0.028695,0.028695,0.050217000000000005,0.012383,0.012383,0.20310999999999998,0.014943000000000001,0.014943000000000001,0.8939327571286633,-23.258016942199,-39.050368942199,-23.519456942199,25.406303057800997,3.690134,3.690134,1.355765833525
60,-8.5091,0.00043749,6.5988e-06,0.053595000000000004,0.014100999999999999,0.014100999999999999,3,-25.043000000000003,0.18347,0.35041,0.05555,0.0099928,0.0099928,-0.00037942,0.031858,0.031858,0.053595000000000004,0.014100999999999999,0.014100999999999999,0.22723000000000002,0.015369999999999998,0.015369999999999998,0.9090821679255564,-24.435368290421,-42.332782690421,-25.060968290421,30.502231709579,4.2020979999999994,4.2020979999999994,1.415874853525
61,-8.651,0.00047152,5.5113e-06,0.057992999999999996,0.015757,0.015757,3,-26.92,0.20526,0.40256,0.059851,0.011382999999999999,0.011382999999999999,-0.0043771,0.036581,0.036581,0.057992999999999996,0.015757,0.015757,0.25735,0.019266,0.019266,0.9242422623689919,-26.342444169008,-46.895436169008,-26.937004169008002,36.857235830992,4.6955860000000005,4.6955860000000005,1.4803691130249998
62,-8.7928,0.00051279,4.3231999999999995e-06,0.0633,0.019857,0.019857,3,-29.201999999999998,0.23525,0.47744,0.062291,0.010216,0.010216,-0.011766,0.045196,0.045196,0.0633,0.019857,0.019857,0.29908,,,0.939391673165885,-29.54359385779099,-53.24183385779099,-29.22071385779099,46.228886142209014,5.917386,5.917386,1.5501566920249998
63,-8.9346,0.00056303,3.0028e-06,0.070754,0.024495,0.024495,3,-31.664,0.28439000000000003,0.58309,0.065,0.010145999999999999,0.010145999999999999,-0.022284,0.0587,0.0587,0.070754,0.024495,0.024495,0.35652,1.1447,1.1447,0.9545410839627783,-33.524136982687,-61.45501698268699,-31.682856982686996,59.762263017313,7.29951,7.29951,1.6264323300249999
64,-9.0764,0.00062367,1.6553e-06,0.085234,0.038021,0.038021,3,-32.876999999999995,0.34124,0.71018,0.063135,0.0113,0.0113,-0.034788,0.082383,0.082383,0.085234,0.038021,0.038021,0.4214,1.4121,1.4121,0.9696904947596714,-39.97180756974299,-71.307167569743,-32.90012756974299,74.67299243025701,11.330258,11.330258,1.7105693600249998
65,-9.2182,0.00069491,7.0064e-07,0.11177000000000001,0.061433,0.061433,3,-31.256,0.47503999999999996,0.9504799999999999,0.040099,0.0070622,0.0070622,-0.05594,0.12787,0.12787,0.11177000000000001,0.061433,0.061433,0.53965,2.0878,2.0878,0.9848399055565646,-54.21694268553899,-84.94942268553899,-31.282222685538983,105.639377314461,18.307034,18.307034,1.8040566820249997
66,-9.3601,0.00078891,0.00040943,0.025810000000000003,0.03553,0.03553,1,-67.85300000000001,0.75759,1.5113,0.025810000000000003,0.03553,0.03553,-0.11775999999999999,0.19061,0.19061,0.13702999999999999,0.087623,0.087623,0.83265,3.877,3.877,1.0,-67.85904397813898,-113.80144397813899,-32.268643978138996,190.329756021861,26.111654,26.111654,1.9093337110249995
